,image,variant
0,1025794,707-320
1,1340192,707-320
2,56978,707-320
3,698580,707-320
4,450014,707-320
5,1042824,707-320
6,894380,707-320
7,1427680,707-320
8,817494,707-320
9,716386,707-320
10,951982,707-320
11,731614,707-320
12,582363,707-320
13,1082409,707-320
14,2031775,707-320
15,950991,707-320
16,869722,707-320
17,979376,707-320
18,1002439,707-320
19,864665,707-320
20,1207591,707-320
21,582372,707-320
22,729223,707-320
23,1319365,707-320
24,548719,707-320
25,577855,707-320
26,1423583,707-320
27,1187431,707-320
28,610657,707-320
29,869742,707-320
30,687610,707-320
31,1042021,707-320
32,482761,707-320
33,64933,707-320
34,1019011,727-200
35,732456,727-200
36,218039,727-200
37,2223757,727-200
38,983618,727-200
39,1327285,727-200
40,65840,727-200
41,980196,727-200
42,995286,727-200
43,1514487,727-200
44,213505,727-200
45,1459191,727-200
46,1063986,727-200
47,56337,727-200
48,409532,727-200
49,771164,727-200
50,632010,727-200
51,901504,727-200
52,63052,727-200
53,143080,727-200
54,1089989,727-200
55,907359,727-200
56,875281,727-200
57,1197395,727-200
58,1149060,727-200
59,1059846,727-200
60,786258,727-200
61,1512865,727-200
62,523223,727-200
63,1115308,727-200
64,1739565,727-200
65,994986,727-200
66,193983,727-200
67,822348,737-200
68,1152739,737-200
69,907429,737-200
70,209554,737-200
71,1187709,737-200
72,847273,737-200
73,923506,737-200
74,59101,737-200
75,1548405,737-200
76,438655,737-200
77,921022,737-200
78,1094669,737-200
79,198443,737-200
80,851647,737-200
81,247942,737-200
82,564495,737-200
83,826475,737-200
84,65422,737-200
85,1189268,737-200
86,54367,737-200
87,1918572,737-200
88,337947,737-200
89,1143132,737-200
90,789826,737-200
91,1942698,737-200
92,458661,737-200
93,447807,737-200
94,74464,737-200
95,1296896,737-200
96,56331,737-200
97,592977,737-200
98,610653,737-200
99,523229,737-200
100,1899111,737-300
101,69776,737-300
102,569402,737-300
103,1538841,737-300
104,830001,737-300
105,1323729,737-300
106,799595,737-300
107,1110775,737-300
108,1393334,737-300
109,728390,737-300
110,907408,737-300
111,1396876,737-300
112,492497,737-300
113,97935,737-300
114,1691783,737-300
115,278443,737-300
116,90868,737-300
117,1927313,737-300
118,178292,737-300
119,114409,737-300
120,986161,737-300
121,1295999,737-300
122,1879894,737-300
123,1564774,737-300
124,97577,737-300
125,74247,737-300
126,2115318,737-300
127,687267,737-300
128,748299,737-300
129,1251289,737-300
130,1560581,737-300
131,848057,737-300
132,66279,737-300
133,2080684,737-300
134,1102458,737-400
135,1906287,737-400
136,438658,737-400
137,1368847,737-400
138,1871885,737-400
139,2236962,737-400
140,1846193,737-400
141,1702255,737-400
142,420818,737-400
143,2186493,737-400
144,127627,737-400
145,699596,737-400
146,2117477,737-400
147,2031382,737-400
148,1532634,737-400
149,2244446,737-400
150,242845,737-400
151,2026894,737-400
152,1059090,737-400
153,1398863,737-400
154,302648,737-400
155,987619,737-400
156,988944,737-400
157,853774,737-400
158,1758545,737-400
159,122393,737-400
160,2066262,737-400
161,829999,737-400
162,939568,737-400
163,328123,737-400
164,1933719,737-400
165,740907,737-400
166,933127,737-400
167,1758606,737-500
168,1264479,737-500
169,1093636,737-500
170,457865,737-500
171,723229,737-500
172,706205,737-500
173,2103080,737-500
174,1459173,737-500
175,657761,737-500
176,1818731,737-500
177,1627446,737-500
178,807405,737-500
179,74245,737-500
180,97119,737-500
181,1543563,737-500
182,1147739,737-500
183,1337392,737-500
184,225225,737-500
185,1053446,737-500
186,130599,737-500
187,1687908,737-500
188,604668,737-500
189,114439,737-500
190,1543529,737-500
191,1258418,737-500
192,618967,737-500
193,977330,737-500
194,1384649,737-500
195,912693,737-500
196,1362802,737-500
197,942001,737-500
198,143341,737-500
199,894220,737-500
200,944253,737-600
201,817558,737-600
202,928043,737-600
203,1650651,737-600
204,1823113,737-600
205,1401747,737-600
206,1726606,737-600
207,1615563,737-600
208,731199,737-600
209,784350,737-600
210,1283644,737-600
211,467430,737-600
212,745448,737-600
213,702868,737-600
214,842381,737-600
215,2188618,737-600
216,1973457,737-600
217,1861153,737-600
218,2091304,737-600
219,961750,737-600
220,904850,737-600
221,361351,737-600
222,1117081,737-600
223,2080548,737-600
224,905907,737-600
225,1885885,737-600
226,1259152,737-600
227,442918,737-600
228,2101958,737-600
229,1730978,737-600
230,1773981,737-600
231,1718899,737-600
232,721593,737-600
233,1759296,737-600
234,1060500,737-700
235,2219111,737-700
236,1222170,737-700
237,400397,737-700
238,694487,737-700
239,1503761,737-700
240,1774585,737-700
241,357855,737-700
242,956171,737-700
243,1611252,737-700
244,1084518,737-700
245,984409,737-700
246,701140,737-700
247,1498556,737-700
248,2188154,737-700
249,183579,737-700
250,67671,737-700
251,67036,737-700
252,2211307,737-700
253,1121142,737-700
254,1368334,737-700
255,2184061,737-700
256,337266,737-700
257,1846150,737-700
258,382052,737-700
259,1763666,737-700
260,2030599,737-700
261,798632,737-700
262,1244288,737-700
263,497534,737-700
264,1446341,737-700
265,2236966,737-700
266,957983,737-700
267,257025,737-800
268,788947,737-800
269,1852201,737-800
270,713745,737-800
271,422707,737-800
272,443893,737-800
273,706175,737-800
274,988468,737-800
275,2099419,737-800
276,781150,737-800
277,1913792,737-800
278,1043795,737-800
279,977350,737-800
280,1561334,737-800
281,1390305,737-800
282,1692197,737-800
283,1237622,737-800
284,1385341,737-800
285,2122829,737-800
286,1470793,737-800
287,1136124,737-800
288,81597,737-800
289,1712591,737-800
290,1885830,737-800
291,1320110,737-800
292,2137130,737-800
293,1806234,737-800
294,900469,737-800
295,2002333,737-800
296,2239287,737-800
297,710454,737-800
298,694546,737-800
299,1375368,737-800
300,1818747,737-900
301,1016538,737-900
302,2071807,737-900
303,2047628,737-900
304,1910716,737-900
305,722225,737-900
306,292868,737-900
307,1874495,737-900
308,1313348,737-900
309,1476615,737-900
310,1052314,737-900
311,1921783,737-900
312,1353293,737-900
313,1001620,737-900
314,1639843,737-900
315,1361120,737-900
316,641165,737-900
317,200422,737-900
318,1189521,737-900
319,383399,737-900
320,1774010,737-900
321,840357,737-900
322,1471544,737-900
323,1246918,737-900
324,1948449,737-900
325,443884,737-900
326,723572,737-900
327,1582314,737-900
328,522872,737-900
329,476825,737-900
330,1133077,737-900
331,223783,737-900
332,1842042,737-900
333,1326767,737-900
334,804670,747-100
335,1008872,747-100
336,139685,747-100
337,869644,747-100
338,1068733,747-100
339,92334,747-100
340,677583,747-100
341,1009031,747-100
342,688093,747-100
343,1831093,747-100
344,1707740,747-100
345,1013082,747-100
346,606502,747-100
347,730970,747-100
348,962875,747-100
349,2161794,747-100
350,1251094,747-100
351,1707955,747-100
352,1985184,747-100
353,1145144,747-100
354,843964,747-100
355,1842078,747-100
356,147038,747-100
357,535113,747-100
358,809727,747-100
359,1283510,747-100
360,1099245,747-100
361,1062969,747-100
362,852827,747-100
363,1028187,747-100
364,1281453,747-100
365,993061,747-100
366,926105,747-100
367,448006,747-200
368,765599,747-200
369,487370,747-200
370,1486682,747-200
371,928792,747-200
372,894316,747-200
373,744732,747-200
374,783526,747-200
375,821422,747-200
376,829998,747-200
377,151661,747-200
378,1340228,747-200
379,1037501,747-200
380,885966,747-200
381,447749,747-200
382,448050,747-200
383,1245215,747-200
384,1200648,747-200
385,257378,747-200
386,179070,747-200
387,65979,747-200
388,1245887,747-200
389,476345,747-200
390,786259,747-200
391,487356,747-200
392,365342,747-200
393,198433,747-200
394,182189,747-200
395,684605,747-200
396,1059813,747-200
397,1230223,747-200
398,482818,747-200
399,368505,747-200
400,522830,747-300
401,1099216,747-300
402,963590,747-300
403,1365495,747-300
404,1879895,747-300
405,98489,747-300
406,1097975,747-300
407,454746,747-300
408,2147232,747-300
409,1259556,747-300
410,487374,747-300
411,2221713,747-300
412,1202048,747-300
413,1325476,747-300
414,90864,747-300
415,894208,747-300
416,367768,747-300
417,766954,747-300
418,876439,747-300
419,983542,747-300
420,1356102,747-300
421,1284239,747-300
422,336925,747-300
423,939497,747-300
424,785021,747-300
425,65292,747-300
426,1389219,747-300
427,859029,747-300
428,1387195,747-300
429,1398832,747-300
430,1226606,747-300
431,1828267,747-300
432,744234,747-300
433,950401,747-300
434,1566619,747-400
435,2244841,747-400
436,1256464,747-400
437,425365,747-400
438,492477,747-400
439,2221710,747-400
440,56299,747-400
441,1600251,747-400
442,1098953,747-400
443,983934,747-400
444,2222716,747-400
445,1358854,747-400
446,1143409,747-400
447,1700644,747-400
448,1018463,747-400
449,2047538,747-400
450,442373,747-400
451,1146172,747-400
452,1514578,747-400
453,1469691,747-400
454,1997878,747-400
455,766314,747-400
456,650456,747-400
457,367973,747-400
458,2079513,747-400
459,1088007,747-400
460,1376174,747-400
461,2091929,747-400
462,1309306,747-400
463,1928510,747-400
464,2197330,747-400
465,1541386,747-400
466,1539525,747-400
467,2224813,757-200
468,2147921,757-200
469,273150,757-200
470,1560579,757-200
471,1566616,757-200
472,275117,757-200
473,685368,757-200
474,523013,757-200
475,814906,757-200
476,2067977,757-200
477,1031497,757-200
478,1713246,757-200
479,1945514,757-200
480,802262,757-200
481,2170854,757-200
482,923571,757-200
483,838565,757-200
484,701760,757-200
485,765781,757-200
486,225217,757-200
487,255363,757-200
488,56297,757-200
489,1107747,757-200
490,902418,757-200
491,1356930,757-200
492,1155017,757-200
493,2013757,757-200
494,694466,757-200
495,1527502,757-200
496,184351,757-200
497,218812,757-200
498,458643,757-200
499,863830,757-200
500,715299,757-300
501,496749,757-300
502,478342,757-300
503,1767104,757-300
504,1534214,757-300
505,1650624,757-300
506,1146631,757-300
507,1910711,757-300
508,138993,757-300
509,447753,757-300
510,1647406,757-300
511,1004797,757-300
512,328231,757-300
513,1256349,757-300
514,1810927,757-300
515,1944650,757-300
516,1297523,757-300
517,1316606,757-300
518,977347,757-300
519,313720,757-300
520,482793,757-300
521,442375,757-300
522,469140,757-300
523,1150188,757-300
524,662343,757-300
525,428735,757-300
526,1771968,757-300
527,1564943,757-300
528,1156768,757-300
529,1486383,757-300
530,1298912,757-300
531,1629329,757-300
532,361100,757-300
533,507837,757-300
534,1605155,767-200
535,1902309,767-200
536,1703213,767-200
537,1714716,767-200
538,756688,767-200
539,866844,767-200
540,2248958,767-200
541,184346,767-200
542,2200399,767-200
543,197363,767-200
544,1342822,767-200
545,2004902,767-200
546,2171010,767-200
547,1383295,767-200
548,1390310,767-200
549,188143,767-200
550,494862,767-200
551,738257,767-200
552,1307327,767-200
553,179066,767-200
554,1862132,767-200
555,2227599,767-200
556,1182368,767-200
557,958129,767-200
558,2197329,767-200
559,1631498,767-200
560,2213535,767-200
561,2183378,767-200
562,2132127,767-200
563,117996,767-200
564,1413233,767-200
565,1031454,767-200
566,1382524,767-200
567,1380490,767-300
568,704276,767-300
569,478909,767-300
570,171401,767-300
571,2239584,767-300
572,679350,767-300
573,1420545,767-300
574,2029863,767-300
575,967855,767-300
576,1327286,767-300
577,788471,767-300
578,2217849,767-300
579,487364,767-300
580,573943,767-300
581,1553071,767-300
582,716370,767-300
583,1601329,767-300
584,61139,767-300
585,362089,767-300
586,1143413,767-300
587,907431,767-300
588,1778114,767-300
589,2010056,767-300
590,1018873,767-300
591,67034,767-300
592,498141,767-300
593,481979,767-300
594,1933933,767-300
595,1682647,767-300
596,233755,767-300
597,1901133,767-300
598,68813,767-300
599,1910860,767-300
600,182729,767-400
601,1708101,767-400
602,1294490,767-400
603,127058,767-400
604,552041,767-400
605,1165767,767-400
606,1810723,767-400
607,2026597,767-400
608,2205728,767-400
609,1368863,767-400
610,837880,767-400
611,1741519,767-400
612,1336856,767-400
613,1182360,767-400
614,1031445,767-400
615,2004856,767-400
616,1980188,767-400
617,835837,767-400
618,1476102,767-400
619,2215846,767-400
620,1006793,767-400
621,931734,767-400
622,768173,767-400
623,476351,767-400
624,151672,767-400
625,2083668,767-400
626,1582400,767-400
627,1607459,767-400
628,1740623,767-400
629,1913767,767-400
630,1976400,767-400
631,338174,767-400
632,1546804,767-400
633,1027002,767-400
634,487358,777-200
635,1870569,777-200
636,2075625,777-200
637,469128,777-200
638,1456005,777-200
639,2176725,777-200
640,1228882,777-200
641,2103110,777-200
642,1095676,777-200
643,752124,777-200
644,2234650,777-200
645,732201,777-200
646,1847312,777-200
647,1795133,777-200
648,939579,777-200
649,1206451,777-200
650,1820319,777-200
651,2110536,777-200
652,658068,777-200
653,2172265,777-200
654,1758487,777-200
655,1401062,777-200
656,1146233,777-200
657,1696058,777-200
658,1514936,777-200
659,467445,777-200
660,1877324,777-200
661,507685,777-200
662,1379983,777-200
663,1234647,777-200
664,240319,777-200
665,704510,777-200
666,2200425,777-200
667,1418227,777-300
668,2044875,777-300
669,1936431,777-300
670,1787739,777-300
671,1330831,777-300
672,2106885,777-300
673,2221303,777-300
674,2130084,777-300
675,2081094,777-300
676,2013756,777-300
677,1496408,777-300
678,1790501,777-300
679,2244063,777-300
680,1505793,777-300
681,1810920,777-300
682,1891190,777-300
683,2119860,777-300
684,2069690,777-300
685,1627991,777-300
686,123344,777-300
687,2204922,777-300
688,2104765,777-300
689,2044277,777-300
690,2035343,777-300
691,1606745,777-300
692,1246993,777-300
693,1557747,777-300
694,1763802,777-300
695,2029861,777-300
696,1913641,777-300
697,1604058,777-300
698,1191065,777-300
699,1606594,777-300
700,102223,A300B4
701,2025767,A300B4
702,1113588,A300B4
703,447940,A300B4
704,576242,A300B4
705,584536,A300B4
706,116704,A300B4
707,1977078,A300B4
708,1355230,A300B4
709,71197,A300B4
710,768404,A300B4
711,63290,A300B4
712,361112,A300B4
713,836146,A300B4
714,482796,A300B4
715,345781,A300B4
716,136190,A300B4
717,1856982,A300B4
718,1559371,A300B4
719,346147,A300B4
720,1004164,A300B4
721,1255726,A300B4
722,1013519,A300B4
723,483243,A300B4
724,1423425,A300B4
725,907390,A300B4
726,1088805,A300B4
727,185316,A300B4
728,67397,A300B4
729,1291894,A300B4
730,1609206,A300B4
731,1906074,A300B4
732,523221,A300B4
733,1908065,A300B4
734,1621237,A310
735,1561989,A310
736,1013358,A310
737,853397,A310
738,1758544,A310
739,618871,A310
740,681535,A310
741,765780,A310
742,1346444,A310
743,949946,A310
744,127637,A310
745,843145,A310
746,94394,A310
747,2084806,A310
748,1446456,A310
749,487316,A310
750,181735,A310
751,114420,A310
752,215875,A310
753,2175624,A310
754,994754,A310
755,901514,A310
756,1132271,A310
757,203222,A310
758,1486858,A310
759,1906073,A310
760,923502,A310
761,1027362,A310
762,1831097,A310
763,1464252,A310
764,1270583,A310
765,1313523,A310
766,396589,A310
767,1607382,A318
768,934705,A318
769,1312250,A318
770,2098098,A318
771,1351410,A318
772,1945366,A318
773,1165189,A318
774,1255446,A318
775,1539428,A318
776,1058491,A318
777,1117069,A318
778,1380336,A318
779,481842,A318
780,1227531,A318
781,1658655,A318
782,1909808,A318
783,1639831,A318
784,1056320,A318
785,1296212,A318
786,1355236,A318
787,1385121,A318
788,1814161,A318
789,2210075,A318
790,1871272,A318
791,1869981,A318
792,1864330,A318
793,1355481,A318
794,1376172,A318
795,1165384,A318
796,1103086,A318
797,1191117,A318
798,2090080,A318
799,1396939,A318
800,1757004,A319
801,1879116,A319
802,481841,A319
803,1018875,A319
804,205770,A319
805,2146985,A319
806,1237633,A319
807,1031451,A319
808,1483441,A319
809,1589410,A319
810,709185,A319
811,1363952,A319
812,625763,A319
813,1003143,A319
814,1564781,A319
815,979624,A319
816,1636535,A319
817,1105737,A319
818,973383,A319
819,2246105,A319
820,445491,A319
821,1818746,A319
822,1327284,A319
823,672114,A319
824,248132,A319
825,1300487,A319
826,939503,A319
827,2088369,A319
828,1917860,A319
829,1333717,A319
830,1268547,A319
831,1541378,A319
832,522853,A319
833,1614878,A319
834,1102381,A320
835,90861,A320
836,1221957,A320
837,147032,A320
838,232377,A320
839,2057952,A320
840,857653,A320
841,115072,A320
842,1641331,A320
843,367794,A320
844,304209,A320
845,2261957,A320
846,1586478,A320
847,1833079,A320
848,1008426,A320
849,205775,A320
850,237111,A320
851,1553898,A320
852,2152856,A320
853,829997,A320
854,75759,A320
855,1389257,A320
856,625402,A320
857,2137087,A320
858,274254,A320
859,2236969,A320
860,1293019,A320
861,1110808,A320
862,849417,A320
863,973290,A320
864,523031,A320
865,257282,A320
866,2096354,A320
867,2040683,A321
868,684603,A321
869,2206288,A321
870,625762,A321
871,2031397,A321
872,1000045,A321
873,2195127,A321
874,2008019,A321
875,434343,A321
876,1616512,A321
877,410062,A321
878,547318,A321
879,1958762,A321
880,523050,A321
881,1879898,A321
882,2168926,A321
883,367993,A321
884,76836,A321
885,1568879,A321
886,1332663,A321
887,1154702,A321
888,1645748,A321
889,1218795,A321
890,62131,A321
891,1599803,A321
892,1768769,A321
893,684562,A321
894,1079168,A321
895,2226325,A321
896,851313,A321
897,523001,A321
898,2221573,A321
899,939608,A321
900,1790500,A330-20
901,1237863,A330-20
902,1539325,A330-20
903,2238330,A330-20
904,1997848,A330-20
905,1461298,A330-20
906,1103363,A330-20
907,2096236,A330-20
908,2131538,A330-20
909,2197483,A330-20
910,1376301,A330-20
911,2239590,A330-20
912,273146,A330-20
913,1992921,A330-20
914,1053428,A330-20
915,1184708,A330-20
916,491557,A330-20
917,974301,A330-20
918,1549128,A330-20
919,1917518,A330-20
920,977515,A330-20
921,1870658,A330-20
922,2099421,A330-20
923,1880805,A330-20
924,225212,A330-20
925,2258288,A330-20
926,257026,A330-20
927,523063,A330-20
928,1616481,A330-20
929,2260895,A330-20
930,1585032,A330-20
931,2183607,A330-20
932,1912969,A330-20
933,1017290,A330-20
934,1427112,A330-30
935,301964,A330-30
936,1444739,A330-30
937,100207,A330-30
938,1753661,A330-30
939,684608,A330-30
940,1258138,A330-30
941,675670,A330-30
942,457177,A330-30
943,1467620,A330-30
944,2109389,A330-30
945,1936773,A330-30
946,2162934,A330-30
947,1885667,A330-30
948,1027573,A330-30
949,496970,A330-30
950,1795156,A330-30
951,1939758,A330-30
952,1251253,A330-30
953,1531355,A330-30
954,1584962,A330-30
955,857160,A330-30
956,2241971,A330-30
957,2171767,A330-30
958,1979066,A330-30
959,2147234,A330-30
960,175819,A330-30
961,1864988,A330-30
962,1540121,A330-30
963,714155,A330-30
964,2041415,A330-30
965,1146174,A330-30
966,824047,A330-30
967,1313522,A340-20
968,63835,A340-20
969,884477,A340-20
970,414366,A340-20
971,237414,A340-20
972,77196,A340-20
973,1568114,A340-20
974,897300,A340-20
975,295746,A340-20
976,245219,A340-20
977,701753,A340-20
978,1210463,A340-20
979,187671,A340-20
980,241450,A340-20
981,1571964,A340-20
982,1507531,A340-20
983,585327,A340-20
984,1266977,A340-20
985,1111277,A340-20
986,457830,A340-20
987,136500,A340-20
988,72870,A340-20
989,82967,A340-20
990,62258,A340-20
991,1234832,A340-20
992,447785,A340-20
993,918184,A340-20
994,301967,A340-20
995,140272,A340-20
996,523012,A340-20
997,66533,A340-20
998,996579,A340-20
999,151678,A340-20
1000,1413317,A340-30
1001,944221,A340-30
1002,219233,A340-30
1003,2124076,A340-30
1004,1462854,A340-30
1005,529811,A340-30
1006,996087,A340-30
1007,66413,A340-30
1008,76845,A340-30
1009,681536,A340-30
1010,1649738,A340-30
1011,450540,A340-30
1012,1335195,A340-30
1013,1872634,A340-30
1014,690074,A340-30
1015,942763,A340-30
1016,1318416,A340-30
1017,2068053,A340-30
1018,454595,A340-30
1019,745361,A340-30
1020,2175627,A340-30
1021,1073030,A340-30
1022,1690964,A340-30
1023,1340494,A340-30
1024,738965,A340-30
1025,966176,A340-30
1026,1240324,A340-30
1027,1719561,A340-30
1028,1469661,A340-30
1029,1461207,A340-30
1030,175821,A340-30
1031,885090,A340-30
1032,1922848,A340-30
1033,1723789,A340-30
1034,1013667,A340-50
1035,1858302,A340-50
1036,1062482,A340-50
1037,1857215,A340-50
1038,807870,A340-50
1039,1285638,A340-50
1040,819084,A340-50
1041,2049626,A340-50
1042,803689,A340-50
1043,745521,A340-50
1044,1701067,A340-50
1045,796416,A340-50
1046,1706716,A340-50
1047,1633998,A340-50
1048,776777,A340-50
1049,1081563,A340-50
1050,2044905,A340-50
1051,1753485,A340-50
1052,996410,A340-50
1053,996453,A340-50
1054,1469672,A340-50
1055,1417964,A340-50
1056,885622,A340-50
1057,1152283,A340-50
1058,1758713,A340-50
1059,1046881,A340-50
1060,1830876,A340-50
1061,1103339,A340-50
1062,710652,A340-50
1063,509541,A340-50
1064,1469709,A340-50
1065,727643,A340-50
1066,1567881,A340-50
1067,1457710,A340-60
1068,570728,A340-60
1069,1380666,A340-60
1070,1263090,A340-60
1071,1555715,A340-60
1072,466768,A340-60
1073,1204296,A340-60
1074,1926827,A340-60
1075,1426948,A340-60
1076,1218924,A340-60
1077,2063809,A340-60
1078,469779,A340-60
1079,1390327,A340-60
1080,418967,A340-60
1081,369472,A340-60
1082,1883790,A340-60
1083,1495298,A340-60
1084,1619902,A340-60
1085,1525660,A340-60
1086,1758483,A340-60
1087,1206453,A340-60
1088,1840139,A340-60
1089,1420117,A340-60
1090,2260088,A340-60
1091,1471167,A340-60
1092,1823702,A340-60
1093,1088600,A340-60
1094,1484701,A340-60
1095,1567292,A340-60
1096,1921777,A340-60
1097,1723906,A340-60
1098,1111113,A340-60
1099,1055150,A340-60
1100,2194956,A380
1101,1932603,A380
1102,962924,A380
1103,2220792,A380
1104,2158999,A380
1105,1617649,A380
1106,1417441,A380
1107,2089280,A380
1108,2233490,A380
1109,2212259,A380
1110,1979061,A380
1111,1687332,A380
1112,1758424,A380
1113,2251120,A380
1114,2235142,A380
1115,1891187,A380
1116,1891966,A380
1117,1855197,A380
1118,1758486,A380
1119,1252082,A380
1120,2099324,A380
1121,1855337,A380
1122,1508047,A380
1123,1368055,A380
1124,2218523,A380
1125,2032511,A380
1126,1749661,A380
1127,2239301,A380
1128,1840423,A380
1129,1584021,A380
1130,1230040,A380
1131,1531175,A380
1132,1973442,A380
1133,2067948,A380
1134,724121,ATR-42
1135,619697,ATR-42
1136,2243949,ATR-42
1137,97110,ATR-42
1138,851153,ATR-42
1139,1143414,ATR-42
1140,574292,ATR-42
1141,1093637,ATR-42
1142,2026727,ATR-42
1143,833334,ATR-42
1144,136181,ATR-42
1145,442919,ATR-42
1146,1426059,ATR-42
1147,454780,ATR-42
1148,1726753,ATR-42
1149,1557910,ATR-42
1150,353522,ATR-42
1151,64202,ATR-42
1152,901370,ATR-42
1153,673361,ATR-42
1154,91356,ATR-42
1155,1563459,ATR-42
1156,1890576,ATR-42
1157,967812,ATR-42
1158,874829,ATR-42
1159,1883803,ATR-42
1160,1122472,ATR-42
1161,967830,ATR-42
1162,383876,ATR-42
1163,848058,ATR-42
1164,167073,ATR-42
1165,562558,ATR-42
1166,1110774,ATR-42
1167,2222405,ATR-72
1168,2072219,ATR-72
1169,64891,ATR-72
1170,1864787,ATR-72
1171,2080563,ATR-72
1172,1459120,ATR-72
1173,155603,ATR-72
1174,2206628,ATR-72
1175,1408802,ATR-72
1176,1542796,ATR-72
1177,2132459,ATR-72
1178,732747,ATR-72
1179,1838529,ATR-72
1180,447777,ATR-72
1181,2096267,ATR-72
1182,1798654,ATR-72
1183,783933,ATR-72
1184,454747,ATR-72
1185,1325112,ATR-72
1186,1539422,ATR-72
1187,1336451,ATR-72
1188,332910,ATR-72
1189,182178,ATR-72
1190,1256475,ATR-72
1191,2018709,ATR-72
1192,1223346,ATR-72
1193,2262511,ATR-72
1194,1681022,ATR-72
1195,614080,ATR-72
1196,136161,ATR-72
1197,1521101,ATR-72
1198,957905,ATR-72
1199,1251240,ATR-72
1200,1035114,An-12
1201,1619921,An-12
1202,1962770,An-12
1203,1270710,An-12
1204,764132,An-12
1205,732118,An-12
1206,1184706,An-12
1207,523179,An-12
1208,1274803,An-12
1209,765604,An-12
1210,1052986,An-12
1211,885174,An-12
1212,1884753,An-12
1213,1486550,An-12
1214,1581712,An-12
1215,850835,An-12
1216,1291973,An-12
1217,1163810,An-12
1218,572863,An-12
1219,523148,An-12
1220,1376795,An-12
1221,1008572,An-12
1222,656580,An-12
1223,1099167,An-12
1224,738259,An-12
1225,1173947,An-12
1226,852361,An-12
1227,127649,An-12
1228,793020,An-12
1229,799596,An-12
1230,582365,An-12
1231,920951,An-12
1232,2259875,An-12
1233,1124054,An-12
1234,1159626,BAE 146
1235,966109,BAE 146
1236,1543693,BAE 146
1237,923708,BAE 146
1238,136165,BAE 146
1239,1277986,BAE 146
1240,1193030,BAE 146
1241,1158113,BAE 146
1242,143389,BAE 146
1243,922626,BAE 146
1244,1933201,BAE 146
1245,1276530,BAE 146
1246,1598901,BAE 146
1247,1358106,BAE 146
1248,1133135,BAE 146
1249,957225,BAE 146
1250,143373,BAE 146
1251,1950554,BAE 146
1252,1725762,BAE 146
1253,1192235,BAE 146
1254,662510,BAE 146
1255,1084922,BAE 146
1256,2126018,BAE 146
1257,1615889,BAE 146
1258,1255846,BAE 146
1259,979659,BAE 146
1260,136182,BAE 146
1261,719827,BAE 146
1262,1784215,BAE 146
1263,992232,BAE 146
1264,1781350,BAE 146
1265,1386685,BAE 146
1266,1552206,BAE 146
1267,890939,BAE 146
1268,573944,BAE 146
1269,936618,BAE 146
1270,809054,BAE 146
1271,1331909,BAE 146
1272,917712,BAE 146
1273,647819,BAE 146
1274,136162,BAE 146
1275,62260,BAE 146
1276,1352225,BAE 146
1277,134597,BAE 146
1278,570801,BAE 146
1279,1313666,BAE 146
1280,350203,BAE 146
1281,918736,BAE 146
1282,77518,BAE 146
1283,1336071,BAE 146
1284,758359,BAE 146
1285,1983851,BAE 146
1286,167122,BAE 146
1287,1829586,BAE 146
1288,517105,BAE 146
1289,420194,BAE 146
1290,273083,BAE 146
1291,1289187,BAE 146
1292,1541390,BAE 146
1293,523168,BAE 146
1294,890662,BAE 146
1295,1758701,BAE 146
1296,1104208,BAE 146
1297,65577,BAE 146
1298,1918305,BAE 146
1299,1188038,BAE 146
1300,1001973,BAE-125
1301,1099011,BAE-125
1302,361575,BAE-125
1303,1818164,BAE-125
1304,550468,BAE-125
1305,517633,BAE-125
1306,1902706,BAE-125
1307,1070335,BAE-125
1308,1006795,BAE-125
1309,1030259,BAE-125
1310,2259583,BAE-125
1311,275249,BAE-125
1312,1451426,BAE-125
1313,1216808,BAE-125
1314,1926848,BAE-125
1315,1600520,BAE-125
1316,1124594,BAE-125
1317,1234384,BAE-125
1318,1820311,BAE-125
1319,1563979,BAE-125
1320,1417777,BAE-125
1321,1662815,BAE-125
1322,926152,BAE-125
1323,853775,BAE-125
1324,1228464,BAE-125
1325,1899145,BAE-125
1326,83356,BAE-125
1327,2094357,BAE-125
1328,1980863,BAE-125
1329,1806228,BAE-125
1330,1359885,BAE-125
1331,1714820,BAE-125
1332,2128060,BAE-125
1333,463096,BAE-125
1334,1630487,Beechcr
1335,1355201,Beechcr
1336,202466,Beechcr
1337,1326007,Beechcr
1338,169310,Beechcr
1339,48340,Beechcr
1340,1455997,Beechcr
1341,1043369,Beechcr
1342,447803,Beechcr
1343,1564412,Beechcr
1344,1355200,Beechcr
1345,1772155,Beechcr
1346,1548200,Beechcr
1347,356149,Beechcr
1348,1036822,Beechcr
1349,1540395,Beechcr
1350,179022,Beechcr
1351,636482,Beechcr
1352,63286,Beechcr
1353,751325,Beechcr
1354,1239223,Beechcr
1355,1376991,Beechcr
1356,1094916,Beechcr
1357,299647,Beechcr
1358,147028,Beechcr
1359,957980,Beechcr
1360,1052486,Beechcr
1361,174885,Beechcr
1362,1422830,Beechcr
1363,1484700,Beechcr
1364,1018861,Beechcr
1365,1713232,Beechcr
1366,64904,Beechcr
1367,2017851,Boeing
1368,302019,Boeing
1369,38671,Boeing
1370,2116194,Boeing
1371,1073334,Boeing
1372,1022382,Boeing
1373,1623699,Boeing
1374,1765610,Boeing
1375,1555985,Boeing
1376,1323660,Boeing
1377,1094687,Boeing
1378,573368,Boeing
1379,1455320,Boeing
1380,1346116,Boeing
1381,2003241,Boeing
1382,440054,Boeing
1383,1204271,Boeing
1384,875560,Boeing
1385,1351340,Boeing
1386,2240254,Boeing
1387,918557,Boeing
1388,944208,Boeing
1389,2171061,Boeing
1390,1098956,Boeing
1391,233765,Boeing
1392,500443,Boeing
1393,2236360,Boeing
1394,1879981,Boeing
1395,337951,Boeing
1396,1351195,Boeing
1397,2124340,Boeing
1398,279936,Boeing
1399,960135,Boeing
1400,1522867,C-130
1401,774035,C-130
1402,1364712,C-130
1403,1085194,C-130
1404,1414395,C-130
1405,1794564,C-130
1406,1033590,C-130
1407,939510,C-130
1408,2260054,C-130
1409,967838,C-130
1410,773222,C-130
1411,280348,C-130
1412,1940180,C-130
1413,1543648,C-130
1414,1931897,C-130
1415,2049579,C-130
1416,434345,C-130
1417,771762,C-130
1418,1404391,C-130
1419,1196802,C-130
1420,610659,C-130
1421,1534869,C-130
1422,573367,C-130
1423,875344,C-130
1424,962825,C-130
1425,772253,C-130
1426,1522562,C-130
1427,958085,C-130
1428,1373821,C-130
1429,883339,C-130
1430,1055698,C-130
1431,978113,C-130
1432,977928,C-130
1433,1048528,C-130
1434,602228,C-47
1435,975825,C-47
1436,422859,C-47
1437,174884,C-47
1438,573369,C-47
1439,704643,C-47
1440,1461334,C-47
1441,1649868,C-47
1442,1619369,C-47
1443,800871,C-47
1444,458675,C-47
1445,1654709,C-47
1446,953525,C-47
1447,1535841,C-47
1448,1287590,C-47
1449,1336323,C-47
1450,2021848,C-47
1451,586259,C-47
1452,336316,C-47
1453,1455902,C-47
1454,1383371,C-47
1455,576251,C-47
1456,1023003,C-47
1457,548477,C-47
1458,492493,C-47
1459,735009,C-47
1460,1278429,C-47
1461,1036801,C-47
1462,1284221,C-47
1463,1586905,C-47
1464,1941127,C-47
1465,1255008,C-47
1466,1010452,C-47
1467,59107,CRJ-200
1468,362859,CRJ-200
1469,2184006,CRJ-200
1470,235626,CRJ-200
1471,1633873,CRJ-200
1472,855449,CRJ-200
1473,1567620,CRJ-200
1474,1037465,CRJ-200
1475,184899,CRJ-200
1476,1616482,CRJ-200
1477,712062,CRJ-200
1478,275729,CRJ-200
1479,996526,CRJ-200
1480,942395,CRJ-200
1481,2192666,CRJ-200
1482,1379571,CRJ-200
1483,2201197,CRJ-200
1484,662509,CRJ-200
1485,1784292,CRJ-200
1486,136184,CRJ-200
1487,1355445,CRJ-200
1488,1337508,CRJ-200
1489,1700606,CRJ-200
1490,848069,CRJ-200
1491,454583,CRJ-200
1492,523218,CRJ-200
1493,313724,CRJ-200
1494,870126,CRJ-200
1495,2031889,CRJ-200
1496,2123951,CRJ-200
1497,1204184,CRJ-200
1498,340217,CRJ-200
1499,130598,CRJ-200
1500,2234631,CRJ-700
1501,1979606,CRJ-700
1502,917341,CRJ-700
1503,1337461,CRJ-700
1504,394078,CRJ-700
1505,849350,CRJ-700
1506,2243380,CRJ-700
1507,245920,CRJ-700
1508,1189525,CRJ-700
1509,2207336,CRJ-700
1510,1338551,CRJ-700
1511,1198137,CRJ-700
1512,2189858,CRJ-700
1513,955449,CRJ-700
1514,1243371,CRJ-700
1515,435289,CRJ-700
1516,931743,CRJ-700
1517,1249564,CRJ-700
1518,1186595,CRJ-700
1519,2059195,CRJ-700
1520,1498555,CRJ-700
1521,476813,CRJ-700
1522,2070642,CRJ-700
1523,2024691,CRJ-700
1524,728571,CRJ-700
1525,888030,CRJ-700
1526,929800,CRJ-700
1527,1719820,CRJ-700
1528,487399,CRJ-700
1529,1260949,CRJ-700
1530,2070772,CRJ-700
1531,1385344,CRJ-700
1532,1232502,CRJ-700
1533,357866,CRJ-700
1534,1647811,CRJ-900
1535,1503445,CRJ-900
1536,1552976,CRJ-900
1537,1559654,CRJ-900
1538,1692199,CRJ-900
1539,1763779,CRJ-900
1540,1055154,CRJ-900
1541,1058493,CRJ-900
1542,1663301,CRJ-900
1543,2193787,CRJ-900
1544,1567825,CRJ-900
1545,1623412,CRJ-900
1546,1554751,CRJ-900
1547,1377655,CRJ-900
1548,2154432,CRJ-900
1549,1124972,CRJ-900
1550,1542646,CRJ-900
1551,1762142,CRJ-900
1552,2090708,CRJ-900
1553,1708263,CRJ-900
1554,1558772,CRJ-900
1555,1465847,CRJ-900
1556,1903010,CRJ-900
1557,1861594,CRJ-900
1558,1275811,CRJ-900
1559,1113449,CRJ-900
1560,1517329,CRJ-900
1561,2221719,CRJ-900
1562,1781328,CRJ-900
1563,2117313,CRJ-900
1564,1348827,CRJ-900
1565,1342007,CRJ-900
1566,1929102,CRJ-900
1567,1072668,Cessna
1568,1923371,Cessna
1569,1711195,Cessna
1570,1249912,Cessna
1571,1647142,Cessna
1572,1221755,Cessna
1573,1028490,Cessna
1574,1172360,Cessna
1575,1488620,Cessna
1576,1103952,Cessna
1577,2157114,Cessna
1578,1287207,Cessna
1579,2243572,Cessna
1580,1338515,Cessna
1581,1502612,Cessna
1582,2244487,Cessna
1583,1683150,Cessna
1584,564217,Cessna
1585,2072465,Cessna
1586,896106,Cessna
1587,974654,Cessna
1588,1125619,Cessna
1589,509496,Cessna
1590,2259104,Cessna
1591,890644,Cessna
1592,1340401,Cessna
1593,1709268,Cessna
1594,1739298,Cessna
1595,2180098,Cessna
1596,747557,Cessna
1597,743928,Cessna
1598,1726480,Cessna
1599,1126597,Cessna
1600,789704,Cessna
1601,323097,Cessna
1602,602762,Cessna
1603,304640,Cessna
1604,1146070,Cessna
1605,796297,Cessna
1606,2116123,Cessna
1607,184369,Cessna
1608,995399,Cessna
1609,1146069,Cessna
1610,1043800,Cessna
1611,1337501,Cessna
1612,979649,Cessna
1613,1017972,Cessna
1614,2096268,Cessna
1615,1036821,Cessna
1616,1337502,Cessna
1617,1785533,Cessna
1618,1769168,Cessna
1619,279893,Cessna
1620,851157,Cessna
1621,1347237,Cessna
1622,1911423,Cessna
1623,809454,Cessna
1624,1156006,Cessna
1625,362903,Cessna
1626,816285,Cessna
1627,1345203,Cessna
1628,1449582,Cessna
1629,175724,Cessna
1630,1337511,Cessna
1631,1540297,Cessna
1632,302987,Cessna
1633,301977,Cessna
1634,2066265,Cessna
1635,1737573,Cessna
1636,1767578,Cessna
1637,1936341,Cessna
1638,466917,Cessna
1639,1351592,Cessna
1640,1646257,Cessna
1641,2073069,Cessna
1642,2066882,Cessna
1643,93500,Cessna
1644,1774335,Cessna
1645,1768891,Cessna
1646,1675548,Cessna
1647,1601572,Cessna
1648,1878581,Cessna
1649,1681554,Cessna
1650,1050675,Cessna
1651,2040355,Cessna
1652,1921500,Cessna
1653,1806229,Cessna
1654,1135961,Cessna
1655,1060984,Cessna
1656,1066523,Cessna
1657,1824499,Cessna
1658,1694806,Cessna
1659,1807111,Cessna
1660,1560577,Cessna
1661,1882581,Cessna
1662,1818166,Cessna
1663,1047759,Cessna
1664,1686421,Cessna
1665,1550758,Cessna
1666,1960029,Cessna
1667,521262,Cessna
1668,1943161,Cessna
1669,1806232,Cessna
1670,1401605,Cessna
1671,2036176,Cessna
1672,1689673,Cessna
1673,1889545,Cessna
1674,1034888,Cessna
1675,1239645,Cessna
1676,524795,Cessna
1677,1571317,Cessna
1678,1585256,Cessna
1679,759286,Cessna
1680,2231272,Cessna
1681,2139323,Cessna
1682,584541,Cessna
1683,1468804,Cessna
1684,1158577,Cessna
1685,2139677,Cessna
1686,781149,Cessna
1687,1672431,Cessna
1688,1084078,Cessna
1689,1042331,Cessna
1690,1398168,Cessna
1691,1897992,Cessna
1692,2175260,Cessna
1693,1900831,Cessna
1694,1726483,Cessna
1695,1037834,Cessna
1696,526028,Cessna
1697,1033949,Cessna
1698,1970744,Cessna
1699,1312509,Cessna
1700,440694,Challen
1701,1053532,Challen
1702,637453,Challen
1703,1099168,Challen
1704,1312523,Challen
1705,905853,Challen
1706,1846149,Challen
1707,1062392,Challen
1708,239592,Challen
1709,1527514,Challen
1710,43892,Challen
1711,1806211,Challen
1712,1685190,Challen
1713,1071955,Challen
1714,2091949,Challen
1715,1254187,Challen
1716,1833885,Challen
1717,1447563,Challen
1718,1341992,Challen
1719,2137132,Challen
1720,2162362,Challen
1721,1037167,Challen
1722,1468807,Challen
1723,2045491,Challen
1724,1387066,Challen
1725,1398927,Challen
1726,1966540,Challen
1727,1943166,Challen
1728,1995036,Challen
1729,1341989,Challen
1730,781272,Challen
1731,2072257,Challen
1732,1132237,Challen
1733,979466,Challen
1734,985789,DC-10
1735,709877,DC-10
1736,677584,DC-10
1737,218850,DC-10
1738,847480,DC-10
1739,523171,DC-10
1740,1707735,DC-10
1741,901369,DC-10
1742,102237,DC-10
1743,1153404,DC-10
1744,1195442,DC-10
1745,720225,DC-10
1746,136197,DC-10
1747,195749,DC-10
1748,734099,DC-10
1749,1288663,DC-10
1750,1523895,DC-10
1751,610689,DC-10
1752,894321,DC-10
1753,538339,DC-10
1754,895290,DC-10
1755,1523369,DC-10
1756,1344995,DC-10
1757,209555,DC-10
1758,1031474,DC-10
1759,65834,DC-10
1760,968446,DC-10
1761,62226,DC-10
1762,478314,DC-10
1763,880572,DC-10
1764,171956,DC-10
1765,1627560,DC-10
1766,114448,DC-10
1767,1548863,DC-3
1768,1754185,DC-3
1769,2178266,DC-3
1770,689371,DC-3
1771,1335117,DC-3
1772,539184,DC-3
1773,781086,DC-3
1774,554595,DC-3
1775,730802,DC-3
1776,306459,DC-3
1777,706209,DC-3
1778,1907013,DC-3
1779,572858,DC-3
1780,551410,DC-3
1781,773044,DC-3
1782,642084,DC-3
1783,1569049,DC-3
1784,960175,DC-3
1785,1287591,DC-3
1786,692381,DC-3
1787,1335116,DC-3
1788,2142087,DC-3
1789,457893,DC-3
1790,1543036,DC-3
1791,1542798,DC-3
1792,548480,DC-3
1793,768395,DC-3
1794,538594,DC-3
1795,586256,DC-3
1796,540048,DC-3
1797,1002458,DC-3
1798,773533,DC-3
1799,1509369,DC-3
1800,564013,DC-6
1801,1036701,DC-6
1802,1723103,DC-6
1803,538259,DC-6
1804,554933,DC-6
1805,564624,DC-6
1806,539186,DC-6
1807,548883,DC-6
1808,280174,DC-6
1809,730399,DC-6
1810,1335215,DC-6
1811,1418871,DC-6
1812,568994,DC-6
1813,773019,DC-6
1814,920945,DC-6
1815,796296,DC-6
1816,586041,DC-6
1817,1763588,DC-6
1818,489934,DC-6
1819,1588561,DC-6
1820,554716,DC-6
1821,598378,DC-6
1822,1316961,DC-6
1823,91297,DC-6
1824,564009,DC-6
1825,1527556,DC-6
1826,1036806,DC-6
1827,920422,DC-6
1828,1945292,DC-6
1829,1601486,DC-6
1830,174896,DC-6
1831,1767100,DC-6
1832,586769,DC-6
1833,593152,DC-6
1834,174901,DC-8
1835,547507,DC-8
1836,593168,DC-8
1837,1018931,DC-8
1838,1309052,DC-8
1839,792200,DC-8
1840,109461,DC-8
1841,62662,DC-8
1842,723126,DC-8
1843,1514524,DC-8
1844,1338156,DC-8
1845,564160,DC-8
1846,880575,DC-8
1847,593173,DC-8
1848,1314561,DC-8
1849,116710,DC-8
1850,901456,DC-8
1851,147042,DC-8
1852,1927216,DC-8
1853,353524,DC-8
1854,593170,DC-8
1855,735040,DC-8
1856,1014104,DC-8
1857,901460,DC-8
1858,546334,DC-8
1859,901474,DC-8
1860,547003,DC-8
1861,1049867,DC-8
1862,782914,DC-8
1863,606501,DC-8
1864,967847,DC-8
1865,171412,DC-8
1866,1443523,DC-8
1867,449728,DC-9-30
1868,1296245,DC-9-30
1869,93514,DC-9-30
1870,318361,DC-9-30
1871,996336,DC-9-30
1872,1043374,DC-9-30
1873,685372,DC-9-30
1874,1354218,DC-9-30
1875,62255,DC-9-30
1876,198449,DC-9-30
1877,114430,DC-9-30
1878,1773370,DC-9-30
1879,78550,DC-9-30
1880,738966,DC-9-30
1881,1707772,DC-9-30
1882,1037614,DC-9-30
1883,732526,DC-9-30
1884,65221,DC-9-30
1885,522876,DC-9-30
1886,302650,DC-9-30
1887,174937,DC-9-30
1888,1196996,DC-9-30
1889,750589,DC-9-30
1890,746111,DC-9-30
1891,195006,DC-9-30
1892,1251764,DC-9-30
1893,1667009,DC-9-30
1894,554721,DC-9-30
1895,523118,DC-9-30
1896,907367,DC-9-30
1897,923417,DC-9-30
1898,901350,DC-9-30
1899,74747,DC-9-30
1900,1369849,DH-82
1901,2132956,DH-82
1902,2125414,DH-82
1903,1999287,DH-82
1904,1253432,DH-82
1905,1596146,DH-82
1906,1551547,DH-82
1907,1451909,DH-82
1908,1411124,DH-82
1909,787578,DH-82
1910,1265381,DH-82
1911,1974802,DH-82
1912,2195779,DH-82
1913,2211337,DH-82
1914,763917,DH-82
1915,1001821,DH-82
1916,2093456,DH-82
1917,984284,DH-82
1918,1700012,DH-82
1919,1019430,DH-82
1920,1855552,DH-82
1921,2175577,DH-82
1922,735046,DH-82
1923,1849520,DH-82
1924,730316,DH-82
1925,1041757,DH-82
1926,820512,DH-82
1927,1914385,DH-82
1928,1647139,DH-82
1929,1539398,DH-82
1930,743290,DH-82
1931,1348951,DH-82
1932,1924286,DH-82
1933,1635084,DH-82
1934,1378088,DHC-1
1935,765020,DHC-1
1936,1778940,DHC-1
1937,930240,DHC-1
1938,1380455,DHC-1
1939,1032474,DHC-1
1940,2116803,DHC-1
1941,653292,DHC-1
1942,1705402,DHC-1
1943,2026690,DHC-1
1944,1906848,DHC-1
1945,1397217,DHC-1
1946,2039227,DHC-1
1947,1940512,DHC-1
1948,731604,DHC-1
1949,1534866,DHC-1
1950,1172147,DHC-1
1951,1379879,DHC-1
1952,1384548,DHC-1
1953,1370455,DHC-1
1954,1901546,DHC-1
1955,1592073,DHC-1
1956,1371730,DHC-1
1957,1842566,DHC-1
1958,1739571,DHC-1
1959,1280039,DHC-1
1960,1906812,DHC-1
1961,1386022,DHC-1
1962,1448765,DHC-1
1963,1922541,DHC-1
1964,1716062,DHC-1
1965,2175563,DHC-1
1966,960998,DHC-1
1967,2004745,DHC-6
1968,773536,DHC-6
1969,2008455,DHC-6
1970,2003456,DHC-6
1971,1943367,DHC-6
1972,2096269,DHC-6
1973,1992245,DHC-6
1974,1991750,DHC-6
1975,1449320,DHC-6
1976,1900936,DHC-6
1977,735020,DHC-6
1978,1023007,DHC-6
1979,1053560,DHC-6
1980,1999875,DHC-6
1981,1998935,DHC-6
1982,540390,DHC-6
1983,2010325,DHC-6
1984,1384617,DHC-6
1985,1158572,DHC-6
1986,843965,DHC-6
1987,1992133,DHC-6
1988,1997802,DHC-6
1989,734769,DHC-6
1990,302001,DHC-6
1991,848059,DHC-6
1992,1158573,DHC-6
1993,2005091,DHC-6
1994,2008454,DHC-6
1995,2000356,DHC-6
1996,1992126,DHC-6
1997,2010474,DHC-6
1998,687278,DHC-6
1999,777090,DHC-6
2000,69770,DHC-8-1
2001,167123,DHC-8-1
2002,1097300,DHC-8-1
2003,1194995,DHC-8-1
2004,114402,DHC-8-1
2005,82492,DHC-8-1
2006,1272644,DHC-8-1
2007,157159,DHC-8-1
2008,2057958,DHC-8-1
2009,907363,DHC-8-1
2010,1149052,DHC-8-1
2011,302038,DHC-8-1
2012,296013,DHC-8-1
2013,685134,DHC-8-1
2014,362888,DHC-8-1
2015,630229,DHC-8-1
2016,1043778,DHC-8-1
2017,1003141,DHC-8-1
2018,93513,DHC-8-1
2019,64627,DHC-8-1
2020,161728,DHC-8-1
2021,114425,DHC-8-1
2022,1192103,DHC-8-1
2023,573292,DHC-8-1
2024,1412618,DHC-8-1
2025,713740,DHC-8-1
2026,127502,DHC-8-1
2027,1683145,DHC-8-1
2028,1028704,DHC-8-1
2029,1169726,DHC-8-1
2030,1891667,DHC-8-1
2031,97113,DHC-8-1
2032,302923,DHC-8-1
2033,1031455,DHC-8-1
2034,1637519,DHC-8-3
2035,127501,DHC-8-3
2036,2125161,DHC-8-3
2037,2191947,DHC-8-3
2038,2147230,DHC-8-3
2039,822062,DHC-8-3
2040,2171042,DHC-8-3
2041,1188112,DHC-8-3
2042,1219389,DHC-8-3
2043,2264968,DHC-8-3
2044,62697,DHC-8-3
2045,763430,DHC-8-3
2046,1656419,DHC-8-3
2047,2251230,DHC-8-3
2048,1121273,DHC-8-3
2049,1714818,DHC-8-3
2050,1736150,DHC-8-3
2051,1144436,DHC-8-3
2052,136179,DHC-8-3
2053,1043793,DHC-8-3
2054,460483,DHC-8-3
2055,2106882,DHC-8-3
2056,383680,DHC-8-3
2057,732415,DHC-8-3
2058,1548444,DHC-8-3
2059,1870570,DHC-8-3
2060,1043724,DHC-8-3
2061,1538836,DHC-8-3
2062,979645,DHC-8-3
2063,1465203,DHC-8-3
2064,1444145,DHC-8-3
2065,835324,DHC-8-3
2066,1709677,DHC-8-3
2067,1150085,DR-400
2068,1223202,DR-400
2069,1513134,DR-400
2070,1283207,DR-400
2071,780677,DR-400
2072,2236316,DR-400
2073,1773350,DR-400
2074,1365858,DR-400
2075,2259663,DR-400
2076,1634649,DR-400
2077,1837336,DR-400
2078,1234230,DR-400
2079,1521506,DR-400
2080,1460096,DR-400
2081,1001812,DR-400
2082,1222829,DR-400
2083,2231709,DR-400
2084,1606079,DR-400
2085,1915068,DR-400
2086,1318818,DR-400
2087,1366121,DR-400
2088,1670610,DR-400
2089,1563889,DR-400
2090,2229412,DR-400
2091,1666989,DR-400
2092,1698129,DR-400
2093,1408695,DR-400
2094,2185726,DR-400
2095,1726551,DR-400
2096,1374642,DR-400
2097,1637925,DR-400
2098,1382204,DR-400
2099,1540006,DR-400
2100,1122822,Dornier
2101,517625,Dornier
2102,248122,Dornier
2103,908591,Dornier
2104,1124489,Dornier
2105,1068481,Dornier
2106,673508,Dornier
2107,923562,Dornier
2108,492492,Dornier
2109,925499,Dornier
2110,997581,Dornier
2111,1060652,Dornier
2112,443972,Dornier
2113,1455391,Dornier
2114,1895014,Dornier
2115,943962,Dornier
2116,522914,Dornier
2117,2169272,Dornier
2118,1693197,Dornier
2119,1092265,Dornier
2120,465268,Dornier
2121,2170856,Dornier
2122,1458702,Dornier
2123,1453430,Dornier
2124,2123970,Dornier
2125,1228463,Dornier
2126,1326646,Dornier
2127,63918,Dornier
2128,1674738,Dornier
2129,1810960,Dornier
2130,958520,Dornier
2131,917357,Dornier
2132,1938172,Dornier
2133,2101956,Dornier
2134,1145151,E-170
2135,1303460,E-170
2136,708630,E-170
2137,1315140,E-170
2138,1077156,E-170
2139,1227101,E-170
2140,2105219,E-170
2141,905078,E-170
2142,2239296,E-170
2143,1286492,E-170
2144,779704,E-170
2145,1052982,E-170
2146,1132242,E-170
2147,1948105,E-170
2148,1231108,E-170
2149,2175372,E-170
2150,1255533,E-170
2151,2201797,E-170
2152,1913803,E-170
2153,1548402,E-170
2154,2111639,E-170
2155,2233055,E-170
2156,1253163,E-170
2157,1230044,E-170
2158,1870652,E-170
2159,1412890,E-170
2160,2213540,E-170
2161,832778,E-170
2162,1277631,E-170
2163,1909787,E-170
2164,907298,E-170
2165,1260870,E-170
2166,1003826,E-170
2167,1680707,E-190
2168,1539297,E-190
2169,1877896,E-190
2170,1899114,E-190
2171,1420069,E-190
2172,2162833,E-190
2173,1554632,E-190
2174,2013250,E-190
2175,1949040,E-190
2176,2054455,E-190
2177,2245655,E-190
2178,2259021,E-190
2179,2251900,E-190
2180,2046694,E-190
2181,1541263,E-190
2182,1594059,E-190
2183,2115317,E-190
2184,2060454,E-190
2185,2184057,E-190
2186,2100821,E-190
2187,1258502,E-190
2188,1519814,E-190
2189,1932450,E-190
2190,1951693,E-190
2191,1762097,E-190
2192,1658463,E-190
2193,1385441,E-190
2194,1663625,E-190
2195,1935194,E-190
2196,2240720,E-190
2197,1334213,E-190
2198,2264793,E-190
2199,2039047,E-190
2200,1777801,E-195
2201,2239066,E-195
2202,1551125,E-195
2203,1818393,E-195
2204,1650653,E-195
2205,2242332,E-195
2206,1943165,E-195
2207,1829675,E-195
2208,1682041,E-195
2209,2188151,E-195
2210,2034205,E-195
2211,1736158,E-195
2212,2222240,E-195
2213,1828262,E-195
2214,2091938,E-195
2215,2227561,E-195
2216,1861811,E-195
2217,1519022,E-195
2218,1961234,E-195
2219,1619847,E-195
2220,2154734,E-195
2221,2054441,E-195
2222,2143568,E-195
2223,1176910,E-195
2224,2115085,E-195
2225,2123883,E-195
2226,1905022,E-195
2227,1779182,E-195
2228,1163999,E-195
2229,2004590,E-195
2230,1455394,E-195
2231,2172296,E-195
2232,2058486,E-195
2233,1799469,E-195
2234,154392,EMB-120
2235,483246,EMB-120
2236,880595,EMB-120
2237,1239225,EMB-120
2238,1168799,EMB-120
2239,1244620,EMB-120
2240,1597903,EMB-120
2241,74371,EMB-120
2242,999159,EMB-120
2243,1695911,EMB-120
2244,97758,EMB-120
2245,897305,EMB-120
2246,618977,EMB-120
2247,184373,EMB-120
2248,1407503,EMB-120
2249,448054,EMB-120
2250,1776805,EMB-120
2251,697383,EMB-120
2252,275110,EMB-120
2253,2006024,EMB-120
2254,488514,EMB-120
2255,1757785,EMB-120
2256,1222195,EMB-120
2257,136148,EMB-120
2258,979652,EMB-120
2259,202431,EMB-120
2260,1390673,EMB-120
2261,316509,EMB-120
2262,457890,EMB-120
2263,492538,EMB-120
2264,350200,EMB-120
2265,1519466,EMB-120
2266,143079,EMB-120
2267,422704,ERJ 135
2268,1217294,ERJ 135
2269,909665,ERJ 135
2270,1550821,ERJ 135
2271,1746036,ERJ 135
2272,1025168,ERJ 135
2273,1475361,ERJ 135
2274,1954835,ERJ 135
2275,285462,ERJ 135
2276,961756,ERJ 135
2277,1399596,ERJ 135
2278,1956503,ERJ 135
2279,1429072,ERJ 135
2280,227131,ERJ 135
2281,842124,ERJ 135
2282,1204260,ERJ 135
2283,1299912,ERJ 135
2284,1414284,ERJ 135
2285,1699127,ERJ 135
2286,1162898,ERJ 135
2287,227129,ERJ 135
2288,2164986,ERJ 135
2289,457843,ERJ 135
2290,2020296,ERJ 135
2291,1554094,ERJ 135
2292,1223347,ERJ 135
2293,2153514,ERJ 135
2294,100211,ERJ 135
2295,1815884,ERJ 135
2296,1332077,ERJ 135
2297,1924170,ERJ 135
2298,1129151,ERJ 135
2299,692098,ERJ 135
2300,576246,ERJ 145
2301,1545195,ERJ 145
2302,295742,ERJ 145
2303,1468398,ERJ 145
2304,1931060,ERJ 145
2305,701142,ERJ 145
2306,2173590,ERJ 145
2307,1503758,ERJ 145
2308,1345199,ERJ 145
2309,767540,ERJ 145
2310,2003270,ERJ 145
2311,1246013,ERJ 145
2312,2096085,ERJ 145
2313,1404675,ERJ 145
2314,1782070,ERJ 145
2315,185324,ERJ 145
2316,1341834,ERJ 145
2317,1550713,ERJ 145
2318,1054078,ERJ 145
2319,396527,ERJ 145
2320,1073073,ERJ 145
2321,842353,ERJ 145
2322,1302786,ERJ 145
2323,1287650,ERJ 145
2324,67670,ERJ 145
2325,1304093,ERJ 145
2326,800636,ERJ 145
2327,1376551,ERJ 145
2328,331433,ERJ 145
2329,1730979,ERJ 145
2330,1357956,ERJ 145
2331,1114210,ERJ 145
2332,1338266,ERJ 145
2333,440696,ERJ 145
2334,1378765,Embraer
2335,1753489,Embraer
2336,1736103,Embraer
2337,985695,Embraer
2338,2091945,Embraer
2339,1834825,Embraer
2340,1169797,Embraer
2341,758132,Embraer
2342,2205702,Embraer
2343,993510,Embraer
2344,1043777,Embraer
2345,1476103,Embraer
2346,1387200,Embraer
2347,1605154,Embraer
2348,1420606,Embraer
2349,1602123,Embraer
2350,1714826,Embraer
2351,1471734,Embraer
2352,1539360,Embraer
2353,2123927,Embraer
2354,1068361,Embraer
2355,1686428,Embraer
2356,1599938,Embraer
2357,1807123,Embraer
2358,1834788,Embraer
2359,1429177,Embraer
2360,1312876,Embraer
2361,1204185,Embraer
2362,794898,Embraer
2363,1560946,Embraer
2364,1535182,Embraer
2365,2180061,Embraer
2366,2020515,Embraer
2367,2258768,Eurofig
2368,1660305,Eurofig
2369,1940255,Eurofig
2370,1349341,Eurofig
2371,2185361,Eurofig
2372,1556013,Eurofig
2373,1303850,Eurofig
2374,1499561,Eurofig
2375,1496924,Eurofig
2376,2136384,Eurofig
2377,1658293,Eurofig
2378,876574,Eurofig
2379,1981388,Eurofig
2380,1946038,Eurofig
2381,1328044,Eurofig
2382,1251381,Eurofig
2383,1707110,Eurofig
2384,1576113,Eurofig
2385,1254962,Eurofig
2386,1373009,Eurofig
2387,1299226,Eurofig
2388,2157819,Eurofig
2389,1499821,Eurofig
2390,1754077,Eurofig
2391,1351641,Eurofig
2392,1639456,Eurofig
2393,1952462,Eurofig
2394,1443070,Eurofig
2395,1245051,Eurofig
2396,877089,Eurofig
2397,1564429,Eurofig
2398,1966169,Eurofig
2399,1085159,Eurofig
2400,735402,F-16A/B
2401,1307230,F-16A/B
2402,1223924,F-16A/B
2403,1564426,F-16A/B
2404,934121,F-16A/B
2405,1499817,F-16A/B
2406,736498,F-16A/B
2407,2136394,F-16A/B
2408,2118954,F-16A/B
2409,2147025,F-16A/B
2410,2243568,F-16A/B
2411,1754078,F-16A/B
2412,1596393,F-16A/B
2413,1601715,F-16A/B
2414,2114079,F-16A/B
2415,2145444,F-16A/B
2416,1588718,F-16A/B
2417,1196995,F-16A/B
2418,1123669,F-16A/B
2419,1364706,F-16A/B
2420,1259625,F-16A/B
2421,1223797,F-16A/B
2422,1476963,F-16A/B
2423,1706712,F-16A/B
2424,1463710,F-16A/B
2425,1613947,F-16A/B
2426,2123710,F-16A/B
2427,1592597,F-16A/B
2428,2114113,F-16A/B
2429,1922017,F-16A/B
2430,2123565,F-16A/B
2431,1552593,F-16A/B
2432,737605,F-16A/B
2433,1588720,F-16A/B
2434,1987430,F/A-18
2435,1725766,F/A-18
2436,1987891,F/A-18
2437,1927269,F/A-18
2438,1379035,F/A-18
2439,874281,F/A-18
2440,1351642,F/A-18
2441,1401767,F/A-18
2442,1842075,F/A-18
2443,1416499,F/A-18
2444,1418311,F/A-18
2445,1093671,F/A-18
2446,1889550,F/A-18
2447,1377656,F/A-18
2448,1378673,F/A-18
2449,1596391,F/A-18
2450,2132115,F/A-18
2451,1119461,F/A-18
2452,1254668,F/A-18
2453,1113294,F/A-18
2454,1807128,F/A-18
2455,871496,F/A-18
2456,1082464,F/A-18
2457,1230192,F/A-18
2458,1254669,F/A-18
2459,1596392,F/A-18
2460,1283304,F/A-18
2461,440195,F/A-18
2462,1592610,F/A-18
2463,1736210,F/A-18
2464,1115087,F/A-18
2465,896698,F/A-18
2466,1601716,F/A-18
2467,2057965,Falcon
2468,1385076,Falcon
2469,1198138,Falcon
2470,154349,Falcon
2471,2044258,Falcon
2472,1795562,Falcon
2473,1943176,Falcon
2474,990061,Falcon
2475,1154703,Falcon
2476,1311585,Falcon
2477,2139321,Falcon
2478,1412287,Falcon
2479,1846142,Falcon
2480,1560576,Falcon
2481,1906084,Falcon
2482,1795170,Falcon
2483,2036174,Falcon
2484,468262,Falcon
2485,781154,Falcon
2486,2097519,Falcon
2487,2090707,Falcon
2488,2119147,Falcon
2489,1013061,Falcon
2490,547519,Falcon
2491,1296886,Falcon
2492,81864,Falcon
2493,848170,Falcon
2494,1864276,Falcon
2495,1194597,Falcon
2496,1355436,Falcon
2497,1931136,Falcon
2498,1907482,Falcon
2499,1824515,Falcon
2500,1344015,Falcon
2501,716336,Falcon
2502,85358,Falcon
2503,2173877,Falcon
2504,1256114,Falcon
2505,2057396,Falcon
2506,1062485,Falcon
2507,1518449,Falcon
2508,384439,Falcon
2509,1231578,Falcon
2510,1031647,Falcon
2511,2033054,Falcon
2512,1774329,Falcon
2513,1154960,Falcon
2514,1878591,Falcon
2515,1792325,Falcon
2516,1291351,Falcon
2517,1726555,Falcon
2518,1582906,Falcon
2519,753075,Falcon
2520,1550113,Falcon
2521,233772,Falcon
2522,1677382,Falcon
2523,677164,Falcon
2524,1187247,Falcon
2525,1707576,Falcon
2526,1900832,Falcon
2527,550418,Falcon
2528,299620,Falcon
2529,1611166,Falcon
2530,2137164,Falcon
2531,1857537,Falcon
2532,1062012,Falcon
2533,1395373,Falcon
2534,1133688,Fokker
2535,854311,Fokker
2536,1611222,Fokker
2537,1979428,Fokker
2538,900486,Fokker
2539,1745719,Fokker
2540,1146230,Fokker
2541,1647702,Fokker
2542,1220713,Fokker
2543,912143,Fokker
2544,136160,Fokker
2545,1453506,Fokker
2546,1934728,Fokker
2547,907347,Fokker
2548,958618,Fokker
2549,399871,Fokker
2550,485243,Fokker
2551,74517,Fokker
2552,1115404,Fokker
2553,143377,Fokker
2554,1772714,Fokker
2555,1538518,Fokker
2556,2031390,Fokker
2557,716371,Fokker
2558,2243788,Fokker
2559,1383360,Fokker
2560,182735,Fokker
2561,1012153,Fokker
2562,1014414,Fokker
2563,167074,Fokker
2564,1256682,Fokker
2565,675672,Fokker
2566,890795,Fokker
2567,618968,Fokker
2568,69769,Fokker
2569,1386629,Fokker
2570,1383407,Fokker
2571,337282,Fokker
2572,1117692,Fokker
2573,467550,Fokker
2574,2253229,Fokker
2575,2259847,Fokker
2576,1260869,Fokker
2577,1290983,Fokker
2578,1298772,Fokker
2579,953561,Fokker
2580,1036870,Fokker
2581,1519453,Fokker
2582,127633,Fokker
2583,1958825,Fokker
2584,1756560,Fokker
2585,1124999,Fokker
2586,1099957,Fokker
2587,66425,Fokker
2588,1132238,Fokker
2589,1200336,Fokker
2590,62695,Fokker
2591,1261342,Fokker
2592,812097,Fokker
2593,1426513,Fokker
2594,1562161,Fokker
2595,927837,Fokker
2596,134595,Fokker
2597,2106315,Fokker
2598,454779,Fokker
2599,1879896,Fokker
2600,845910,Fokker
2601,2189987,Fokker
2602,1704824,Fokker
2603,1299601,Fokker
2604,418567,Fokker
2605,1204183,Fokker
2606,1681635,Fokker
2607,1379781,Fokker
2608,1044385,Fokker
2609,1385519,Fokker
2610,842533,Fokker
2611,1190655,Fokker
2612,1240934,Fokker
2613,1521758,Fokker
2614,467450,Fokker
2615,1772014,Fokker
2616,192624,Fokker
2617,1626921,Fokker
2618,1558572,Fokker
2619,1361692,Fokker
2620,1540816,Fokker
2621,136150,Fokker
2622,1789443,Fokker
2623,1329309,Fokker
2624,989702,Fokker
2625,394154,Fokker
2626,1893205,Fokker
2627,1296002,Fokker
2628,1521075,Fokker
2629,872249,Fokker
2630,2209492,Fokker
2631,1148895,Fokker
2632,792288,Fokker
2633,525838,Fokker
2634,518626,Global
2635,1527708,Global
2636,1315041,Global
2637,1542797,Global
2638,2226825,Global
2639,1276405,Global
2640,2130585,Global
2641,782933,Global
2642,1048552,Global
2643,1409998,Global
2644,2101652,Global
2645,298506,Global
2646,1303402,Global
2647,1004738,Global
2648,1430003,Global
2649,774288,Global
2650,422687,Global
2651,318594,Global
2652,2168375,Global
2653,2188615,Global
2654,1233588,Global
2655,1028093,Global
2656,1051497,Global
2657,1468794,Global
2658,864334,Global
2659,2127999,Global
2660,1276526,Global
2661,440955,Global
2662,1003022,Global
2663,1311582,Global
2664,2206143,Global
2665,1800217,Global
2666,1173944,Global
2667,1449103,Gulfstr
2668,2245399,Gulfstr
2669,1276727,Gulfstr
2670,1833904,Gulfstr
2671,1345040,Gulfstr
2672,851156,Gulfstr
2673,2088351,Gulfstr
2674,1943356,Gulfstr
2675,1195689,Gulfstr
2676,1311421,Gulfstr
2677,2170301,Gulfstr
2678,1100739,Gulfstr
2679,1498679,Gulfstr
2680,1054081,Gulfstr
2681,1093824,Gulfstr
2682,1092415,Gulfstr
2683,977899,Gulfstr
2684,1410102,Gulfstr
2685,1410104,Gulfstr
2686,1111016,Gulfstr
2687,497639,Gulfstr
2688,497894,Gulfstr
2689,1680778,Gulfstr
2690,72480,Gulfstr
2691,1700389,Gulfstr
2692,514738,Gulfstr
2693,1113385,Gulfstr
2694,2136369,Gulfstr
2695,1198329,Gulfstr
2696,1857541,Gulfstr
2697,1379818,Gulfstr
2698,447806,Gulfstr
2699,2197895,Gulfstr
2700,1563038,Gulfstr
2701,1957106,Gulfstr
2702,1605637,Gulfstr
2703,1715316,Gulfstr
2704,1447127,Gulfstr
2705,913940,Gulfstr
2706,1166589,Gulfstr
2707,2180833,Gulfstr
2708,1908679,Gulfstr
2709,868105,Gulfstr
2710,1534376,Gulfstr
2711,781152,Gulfstr
2712,2019594,Gulfstr
2713,1347626,Gulfstr
2714,1865143,Gulfstr
2715,1008569,Gulfstr
2716,2137160,Gulfstr
2717,1290539,Gulfstr
2718,718915,Gulfstr
2719,555526,Gulfstr
2720,1672425,Gulfstr
2721,1749597,Gulfstr
2722,1702899,Gulfstr
2723,275671,Gulfstr
2724,2041416,Gulfstr
2725,1215515,Gulfstr
2726,1098609,Gulfstr
2727,1053425,Gulfstr
2728,1420523,Gulfstr
2729,1857543,Gulfstr
2730,517785,Gulfstr
2731,1311419,Gulfstr
2732,2106202,Gulfstr
2733,497885,Gulfstr
2734,1606078,Hawk T1
2735,1736177,Hawk T1
2736,935016,Hawk T1
2737,2172310,Hawk T1
2738,1476339,Hawk T1
2739,2223255,Hawk T1
2740,1911427,Hawk T1
2741,1678522,Hawk T1
2742,1452537,Hawk T1
2743,1822339,Hawk T1
2744,1244756,Hawk T1
2745,1677053,Hawk T1
2746,1477073,Hawk T1
2747,961972,Hawk T1
2748,1976055,Hawk T1
2749,893717,Hawk T1
2750,1082296,Hawk T1
2751,1244760,Hawk T1
2752,1615575,Hawk T1
2753,1551549,Hawk T1
2754,2165386,Hawk T1
2755,1248046,Hawk T1
2756,1736242,Hawk T1
2757,2176625,Hawk T1
2758,554994,Hawk T1
2759,877683,Hawk T1
2760,1574584,Hawk T1
2761,1472586,Hawk T1
2762,1244468,Hawk T1
2763,2018705,Hawk T1
2764,934118,Hawk T1
2765,1859253,Hawk T1
2766,685277,Hawk T1
2767,1002202,Il-76
2768,1008573,Il-76
2769,1065592,Il-76
2770,895159,Il-76
2771,1999871,Il-76
2772,1682062,Il-76
2773,746098,Il-76
2774,1273374,Il-76
2775,1050578,Il-76
2776,1617995,Il-76
2777,434362,Il-76
2778,1826520,Il-76
2779,1202520,Il-76
2780,1033762,Il-76
2781,577854,Il-76
2782,737312,Il-76
2783,979868,Il-76
2784,1063985,Il-76
2785,582371,Il-76
2786,811679,Il-76
2787,817490,Il-76
2788,522959,Il-76
2789,1313042,Il-76
2790,576249,Il-76
2791,1066875,Il-76
2792,1723913,Il-76
2793,757186,Il-76
2794,523181,Il-76
2795,758789,Il-76
2796,1869866,Il-76
2797,781670,Il-76
2798,523184,Il-76
2799,576236,Il-76
2800,602750,L-1011
2801,1002747,L-1011
2802,391023,L-1011
2803,1042661,L-1011
2804,923717,L-1011
2805,901522,L-1011
2806,500439,L-1011
2807,174893,L-1011
2808,783899,L-1011
2809,136158,L-1011
2810,829994,L-1011
2811,564173,L-1011
2812,66409,L-1011
2813,1428219,L-1011
2814,188412,L-1011
2815,1200650,L-1011
2816,869717,L-1011
2817,478340,L-1011
2818,218848,L-1011
2819,1277604,L-1011
2820,681040,L-1011
2821,63277,L-1011
2822,907389,L-1011
2823,1079167,L-1011
2824,1287739,L-1011
2825,536306,L-1011
2826,1010683,L-1011
2827,829650,L-1011
2828,66411,L-1011
2829,901529,L-1011
2830,689282,L-1011
2831,880574,L-1011
2832,723207,L-1011
2833,517837,L-1011
2834,959267,MD-11
2835,1526201,MD-11
2836,1472188,MD-11
2837,1284226,MD-11
2838,1611576,MD-11
2839,773076,MD-11
2840,193982,MD-11
2841,1410729,MD-11
2842,968445,MD-11
2843,1636315,MD-11
2844,1429708,MD-11
2845,1997993,MD-11
2846,1895800,MD-11
2847,1283960,MD-11
2848,1523794,MD-11
2849,1123299,MD-11
2850,1093250,MD-11
2851,1973423,MD-11
2852,1289638,MD-11
2853,980556,MD-11
2854,980092,MD-11
2855,728940,MD-11
2856,681544,MD-11
2857,338536,MD-11
2858,174853,MD-11
2859,1666443,MD-11
2860,1852373,MD-11
2861,1296186,MD-11
2862,1610616,MD-11
2863,1307574,MD-11
2864,1554795,MD-11
2865,449729,MD-11
2866,38598,MD-11
2867,1280724,MD-80
2868,875323,MD-80
2869,2111015,MD-80
2870,1630052,MD-80
2871,1193890,MD-80
2872,1553820,MD-80
2873,926108,MD-80
2874,843963,MD-80
2875,1095342,MD-80
2876,1636453,MD-80
2877,72368,MD-80
2878,944254,MD-80
2879,127050,MD-80
2880,1875195,MD-80
2881,923715,MD-80
2882,665003,MD-80
2883,1036880,MD-80
2884,702840,MD-80
2885,1341849,MD-80
2886,63272,MD-80
2887,1398764,MD-80
2888,1676760,MD-80
2889,198130,MD-80
2890,1320161,MD-80
2891,2217838,MD-80
2892,1605240,MD-80
2893,704265,MD-80
2894,1258526,MD-80
2895,923503,MD-80
2896,950428,MD-80
2897,1197194,MD-80
2898,1421262,MD-80
2899,1208470,MD-80
2900,127034,MD-87
2901,2174787,MD-87
2902,1429258,MD-87
2903,1447977,MD-87
2904,1265380,MD-87
2905,321715,MD-87
2906,1517885,MD-87
2907,2259899,MD-87
2908,109457,MD-87
2909,478967,MD-87
2910,1204180,MD-87
2911,193728,MD-87
2912,1364623,MD-87
2913,418704,MD-87
2914,116701,MD-87
2915,782915,MD-87
2916,56589,MD-87
2917,1772017,MD-87
2918,1265320,MD-87
2919,187233,MD-87
2920,1279903,MD-87
2921,1004662,MD-87
2922,480708,MD-87
2923,205785,MD-87
2924,1467694,MD-87
2925,361614,MD-87
2926,1383342,MD-87
2927,1227256,MD-87
2928,1014380,MD-87
2929,1389125,MD-87
2930,2001287,MD-87
2931,68814,MD-87
2932,193729,MD-87
2933,1396728,MD-87
2934,487360,MD-90
2935,1736105,MD-90
2936,62708,MD-90
2937,875283,MD-90
2938,1480281,MD-90
2939,1366848,MD-90
2940,428662,MD-90
2941,1567893,MD-90
2942,487344,MD-90
2943,1469731,MD-90
2944,977264,MD-90
2945,1223344,MD-90
2946,63102,MD-90
2947,1388982,MD-90
2948,1734386,MD-90
2949,719543,MD-90
2950,1264191,MD-90
2951,1429156,MD-90
2952,2118114,MD-90
2953,1340282,MD-90
2954,977267,MD-90
2955,202411,MD-90
2956,1789452,MD-90
2957,1570250,MD-90
2958,2226297,MD-90
2959,2244549,MD-90
2960,622055,MD-90
2961,1573056,MD-90
2962,225472,MD-90
2963,1693789,MD-90
2964,2054447,MD-90
2965,2247794,MD-90
2966,364670,MD-90
2967,1026075,Metroli
2968,1293682,Metroli
2969,801612,Metroli
2970,1336517,Metroli
2971,975826,Metroli
2972,634628,Metroli
2973,572855,Metroli
2974,313721,Metroli
2975,1569462,Metroli
2976,447765,Metroli
2977,447760,Metroli
2978,1428031,Metroli
2979,411770,Metroli
2980,977247,Metroli
2981,1519485,Metroli
2982,132987,Metroli
2983,2031392,Metroli
2984,63920,Metroli
2985,1570192,Metroli
2986,405438,Metroli
2987,337955,Metroli
2988,1146072,Metroli
2989,880590,Metroli
2990,91366,Metroli
2991,735014,Metroli
2992,182174,Metroli
2993,984996,Metroli
2994,109444,Metroli
2995,1958528,Metroli
2996,874832,Metroli
2997,1410356,Metroli
2998,109656,Metroli
2999,333814,Metroli
3000,1373934,Model B
3001,1766203,Model B
3002,1088416,Model B
3003,1620917,Model B
3004,738021,Model B
3005,628313,Model B
3006,805499,Model B
3007,1679994,Model B
3008,1843606,Model B
3009,1468387,Model B
3010,1566624,Model B
3011,1688962,Model B
3012,1461716,Model B
3013,1496926,Model B
3014,1254089,Model B
3015,1319235,Model B
3016,1293480,Model B
3017,877087,Model B
3018,1605012,Model B
3019,1933878,Model B
3020,2148543,Model B
3021,1472109,Model B
3022,692095,Model B
3023,1726039,Model B
3024,1054551,Model B
3025,2171433,Model B
3026,1523054,Model B
3027,1859488,Model B
3028,1840143,Model B
3029,1359886,Model B
3030,1548951,Model B
3031,1101613,Model B
3032,1376665,Model B
3033,1261425,Model B
3034,1344994,PA-28
3035,2074640,PA-28
3036,1423432,PA-28
3037,745799,PA-28
3038,1482540,PA-28
3039,2228410,PA-28
3040,748614,PA-28
3041,2176031,PA-28
3042,1798545,PA-28
3043,1311406,PA-28
3044,1021870,PA-28
3045,1161939,PA-28
3046,791201,PA-28
3047,104814,PA-28
3048,1414282,PA-28
3049,1116484,PA-28
3050,2114201,PA-28
3051,1593589,PA-28
3052,2186728,PA-28
3053,1593381,PA-28
3054,1906969,PA-28
3055,1679468,PA-28
3056,1119554,PA-28
3057,1626894,PA-28
3058,2210244,PA-28
3059,793692,PA-28
3060,1179294,PA-28
3061,1254451,PA-28
3062,1405302,PA-28
3063,2243578,PA-28
3064,1303982,PA-28
3065,1507344,PA-28
3066,1151769,PA-28
3067,1603711,SR-20
3068,2135681,SR-20
3069,1658297,SR-20
3070,1605921,SR-20
3071,1650403,SR-20
3072,1261973,SR-20
3073,2160776,SR-20
3074,1583942,SR-20
3075,1482541,SR-20
3076,1278141,SR-20
3077,856817,SR-20
3078,1711191,SR-20
3079,2048410,SR-20
3080,2202486,SR-20
3081,2203115,SR-20
3082,1234236,SR-20
3083,2162060,SR-20
3084,1281757,SR-20
3085,2114202,SR-20
3086,1104662,SR-20
3087,1502611,SR-20
3088,1646015,SR-20
3089,1770844,SR-20
3090,2266584,SR-20
3091,2073469,SR-20
3092,2061717,SR-20
3093,2014222,SR-20
3094,2200433,SR-20
3095,2014220,SR-20
3096,1681420,SR-20
3097,2081787,SR-20
3098,1747769,SR-20
3099,1623436,SR-20
3100,880559,Saab 20
3101,874688,Saab 20
3102,922520,Saab 20
3103,1414824,Saab 20
3104,1232503,Saab 20
3105,1054576,Saab 20
3106,939486,Saab 20
3107,648476,Saab 20
3108,962576,Saab 20
3109,2211302,Saab 20
3110,1389715,Saab 20
3111,923766,Saab 20
3112,2157193,Saab 20
3113,1314986,Saab 20
3114,2180063,Saab 20
3115,711206,Saab 20
3116,1827290,Saab 20
3117,1975739,Saab 20
3118,67617,Saab 20
3119,1312743,Saab 20
3120,2019475,Saab 20
3121,1966254,Saab 20
3122,1026714,Saab 20
3123,1235480,Saab 20
3124,114421,Saab 20
3125,2033183,Saab 20
3126,451224,Saab 20
3127,1014304,Saab 20
3128,2026755,Saab 20
3129,2127989,Saab 20
3130,1151884,Saab 20
3131,763431,Saab 20
3132,1878600,Saab 20
3133,1122271,Saab 20
3134,1390114,Saab 34
3135,136485,Saab 34
3136,1939689,Saab 34
3137,347754,Saab 34
3138,1754871,Saab 34
3139,2222402,Saab 34
3140,1785635,Saab 34
3141,1399587,Saab 34
3142,562555,Saab 34
3143,98085,Saab 34
3144,977012,Saab 34
3145,1989990,Saab 34
3146,1444742,Saab 34
3147,1559316,Saab 34
3148,1550162,Saab 34
3149,740887,Saab 34
3150,1977817,Saab 34
3151,114415,Saab 34
3152,680474,Saab 34
3153,437932,Saab 34
3154,517786,Saab 34
3155,129325,Saab 34
3156,1092038,Saab 34
3157,1543285,Saab 34
3158,1714819,Saab 34
3159,1054267,Saab 34
3160,1895223,Saab 34
3161,187239,Saab 34
3162,924085,Saab 34
3163,85330,Saab 34
3164,435273,Saab 34
3165,1668966,Saab 34
3166,257380,Saab 34
3167,2162376,Spitfir
3168,1072329,Spitfir
3169,2043843,Spitfir
3170,1173868,Spitfir
3171,1767079,Spitfir
3172,2181546,Spitfir
3173,1729159,Spitfir
3174,930260,Spitfir
3175,1969068,Spitfir
3176,1754084,Spitfir
3177,1759217,Spitfir
3178,1174379,Spitfir
3179,1409353,Spitfir
3180,713693,Spitfir
3181,1376343,Spitfir
3182,1250763,Spitfir
3183,1115131,Spitfir
3184,1373249,Spitfir
3185,597780,Spitfir
3186,1735417,Spitfir
3187,1252832,Spitfir
3188,2171883,Spitfir
3189,1778957,Spitfir
3190,1170135,Spitfir
3191,876577,Spitfir
3192,1450568,Spitfir
3193,2132425,Spitfir
3194,1560883,Spitfir
3195,2162372,Spitfir
3196,752004,Spitfir
3197,1576955,Spitfir
3198,902419,Spitfir
3199,2042721,Spitfir
3200,607518,Tornado
3201,1174475,Tornado
3202,1299913,Tornado
3203,1272849,Tornado
3204,1349343,Tornado
3205,1349314,Tornado
3206,1259067,Tornado
3207,1376345,Tornado
3208,1335029,Tornado
3209,1258555,Tornado
3210,1373008,Tornado
3211,1767577,Tornado
3212,2094375,Tornado
3213,2136392,Tornado
3214,1223923,Tornado
3215,1859254,Tornado
3216,1241521,Tornado
3217,1966895,Tornado
3218,1085189,Tornado
3219,2118956,Tornado
3220,2041569,Tornado
3221,1931348,Tornado
3222,1270604,Tornado
3223,1091255,Tornado
3224,1607515,Tornado
3225,536299,Tornado
3226,891419,Tornado
3227,2063400,Tornado
3228,1607505,Tornado
3229,1270601,Tornado
3230,1251382,Tornado
3231,744304,Tornado
3232,1607467,Tornado
3233,1218277,Tornado
3234,525710,Tu-134
3235,523057,Tu-134
3236,993942,Tu-134
3237,143339,Tu-134
3238,1166761,Tu-134
3239,944175,Tu-134
3240,1594713,Tu-134
3241,1594798,Tu-134
3242,921289,Tu-134
3243,62669,Tu-134
3244,988536,Tu-134
3245,523187,Tu-134
3246,63292,Tu-134
3247,523155,Tu-134
3248,1187867,Tu-134
3249,523142,Tu-134
3250,105827,Tu-134
3251,1182715,Tu-134
3252,1602329,Tu-134
3253,1312387,Tu-134
3254,1342280,Tu-134
3255,759971,Tu-134
3256,606129,Tu-134
3257,1544175,Tu-134
3258,1594711,Tu-134
3259,720882,Tu-134
3260,523009,Tu-134
3261,523144,Tu-134
3262,920420,Tu-134
3263,924608,Tu-134
3264,948666,Tu-134
3265,618972,Tu-134
3266,1594734,Tu-134
3267,487397,Tu-154
3268,1418807,Tu-154
3269,716451,Tu-154
3270,1298145,Tu-154
3271,103328,Tu-154
3272,939483,Tu-154
3273,1164220,Tu-154
3274,1230394,Tu-154
3275,1302750,Tu-154
3276,1088786,Tu-154
3277,1320913,Tu-154
3278,184994,Tu-154
3279,1044149,Tu-154
3280,1244289,Tu-154
3281,467386,Tu-154
3282,901364,Tu-154
3283,944240,Tu-154
3284,1447126,Tu-154
3285,94395,Tu-154
3286,1590459,Tu-154
3287,989278,Tu-154
3288,62771,Tu-154
3289,973256,Tu-154
3290,62687,Tu-154
3291,62722,Tu-154
3292,894311,Tu-154
3293,1430019,Tu-154
3294,1544222,Tu-154
3295,490172,Tu-154
3296,143396,Tu-154
3297,1611167,Tu-154
3298,62675,Tu-154
3299,198445,Tu-154
3300,1790927,Yak-42
3301,944239,Yak-42
3302,733079,Yak-42
3303,1320583,Yak-42
3304,1176914,Yak-42
3305,77513,Yak-42
3306,1056902,Yak-42
3307,792373,Yak-42
3308,1627581,Yak-42
3309,1284223,Yak-42
3310,1429966,Yak-42
3311,1826524,Yak-42
3312,490185,Yak-42
3313,606123,Yak-42
3314,749478,Yak-42
3315,66408,Yak-42
3316,901509,Yak-42
3317,1501838,Yak-42
3318,730106,Yak-42
3319,1611239,Yak-42
3320,504825,Yak-42
3321,1581695,Yak-42
3322,198777,Yak-42
3323,819685,Yak-42
3324,1696014,Yak-42
3325,394095,Yak-42
3326,1000013,Yak-42
3327,1544139,Yak-42
3328,522968,Yak-42
3329,1577680,Yak-42
3330,1826676,Yak-42
3331,472681,Yak-42
3332,1597829,Yak-42
3333,197891,Yak-42
